{"epsilon": 0.2200855401039069, "NTU": 0.24857103211222345, "Q_max": 69121.3161381683, "LMTD": 17.708060205868556, "heatFlux": 254859.03543355435, "T_ho": 295.5982891979219, "mdot_o_ref": 9.921291163735962, "HTC_i": 39519.10406174822, "HTC_o": 19846.427124635953, "HTC_o_ff": 25934.100716918445, "R_i": 0.00047379897385151857, "R_wall": 4.425527406581912e-05, "R_o": 0.0008441394412807864, "R_o_ff": 0.0006459893129620222, "R_total": 0.00116404356087936, "Q_1": 15212.602194961668, "Q_2": 15212.540836952234, "UA_1": 859.0778446709891, "UA_2": 859.0743796946606, "massflux_water": 4405.673165173573, "Re_water": 101249.16157419648, "C_h": 3456.0658069084147, "res_UA": 4.033383383758765e-06, "res_Q": 4.033383383601076e-06, "res": 4.033383383758765e-06, "dict_Lin_2023_": {"heatFlux": 30000.0, "T_critical": 374.21, "T_reducing": 0.7482429651799792, "P_critical": 4059280.0, "T_sat": 280, "P_sat": 372708.39962995437, "Re_ff": 81852.41711653324, "gamma_ff": 5.0, "Bo_ff": 0.007870883626403912, "Ka_ff": 2.4274746156629958e-11, "We_LIQ": 1.2142095392377252e-07, "We_VAP": 1.7402706342997363e-09, "DENLIQ": 1271.7879037464181, "DENVAP": 18.227950534279127, "TCXLIQ": 0.08899600998559333, "VISLIQ": 0.00024434220398801435, "CPLIQ": 1360.648867873096, "H_LV": 193276.92946607672, "STLLIQ": 0.01047420451452589, "PRLIQ": 3.735717402204077, "gravity": 9.81, "D": 0.019, "N_HT_Tube_vertical": 5, "We_VAP_imposed": 0, "We_VAP_evaperated": 1.7402706342997363e-09, "Tube_Type": "GEWA-B", "Fin_Height": 0, "Fin_Pitch": 0, "F_NB": 4.394403547886185}, "dict_o_ff": {"HTC": 25934.100716918445, "HTC_nb_bundle": 25934.100716918445, "HTC_cv_bundle": 5560.845111277063, "HTC_ratio": 1.3067390192729291, "Nu_nb": 92960.6750822343, "Nu_cv": 19433.465274298374, "HTC_cv": 4148.90330781617, "HTC_PB_2023_ENHANCED": 19846.427124635953, "E_mist": 1.3067390192729291, "E_mist_nb": 1.3067390192729291, "E_mist_cv": 1.340316873811187, "Nu_": 121475.34138790827, "Nu_nb_bundle": 121475.34138790827, "Nu_cv_bundle": 26047.001423765858, "F_NB": 4.394403547886185}, "dict_DN": {"Gamma_LIQ": 5.0, "j_LIQ": 0.0001, "j_VAP": 0.0001, "Re_ff": 81852.41711653324, "Bo_ff": 0.007870883626403912, "Ka_ff": 2.4274746156629958e-11, "We_LIQ": 1.2142095392377252e-07, "We_VAP": 1.7402706342997363e-09, "We_VAP_imposed": 0, "We_VAP_evaperated": 0}, "dict_F_NB": {"Nu_nb_plain": 21154.33279379875, "Nu_nb_enhanced": 92960.6750822343, "HTC_nb_plain": 4516.295990654424, "HTC_nb_enhanced": 19846.427124635953, "F_NB": 4.394403547886185}, "citation": "Hao-YuLin, M Muneeshwaran, Cheng-Min Yang, Kashif Nawaz, Chi-Chuan Wang, 'On Falling Film Evaporator - A Review of Mechanisms and Critical Assessment of Correlation on a Horizontal Tube Bundle With Updated Development', International Communications On Heat & Mass Transfer, 2023"}